{"stats":{"minecraft:custom":{"minecraft:interact_with_crafting_table":29,"minecraft:open_barrel":19,"minecraft:bell_ring":6,"minecraft:leave_game":107,"minecraft:time_since_death":9215942,"minecraft:jump":5734,"minecraft:interact_with_furnace":16,"minecraft:play_record":2,"minecraft:interact_with_cartography_table":2,"minecraft:interact_with_smoker":4,"minecraft:inspect_dispenser":116,"minecraft:interact_with_smithing_table":3,"minecraft:inspect_dropper":1322,"minecraft:interact_with_anvil":98,"minecraft:inspect_hopper":1747,"minecraft:target_hit":52,"minecraft:sneak_time":390570,"minecraft:interact_with_lectern":9,"minecraft:interact_with_blast_furnace":31,"minecraft:tune_noteblock":1024,"minecraft:time_since_rest":9215942,"minecraft:fly_one_cm":28642421,"minecraft:open_chest":491,"minecraft:fall_one_cm":544,"minecraft:open_shulker_box":12,"minecraft:sprint_one_cm":602758,"minecraft:drop":591,"minecraft:talked_to_villager":6,"minecraft:interact_with_brewingstand":15,"minecraft:walk_on_water_one_cm":297857,"minecraft:play_one_minute":9215942,"minecraft:interact_with_loom":13,"minecraft:interact_with_beacon":2,"minecraft:crouch_one_cm":123323,"minecraft:mob_kills":1,"minecraft:fill_cauldron":2,"minecraft:climb_one_cm":3815,"minecraft:walk_one_cm":3038567,"minecraft:walk_under_water_one_cm":168367,"minecraft:pot_flower":54,"minecraft:interact_with_grindstone":2,"minecraft:damage_taken":260,"minecraft:trigger_trapped_chest":112,"minecraft:minecart_one_cm":412773},"minecraft:mined":{"minecraft:white_bed":5,"minecraft:light_gray_bed":2,"minecraft:cyan_bed":2,"minecraft:redstone_ore":1,"minecraft:grass_block":1,"minecraft:iron_ore":1},"minecraft:killed":{"minecraft:piglin":1},"minecraft:crafted":{"minecraft:firework_star":12,"minecraft:beetroot_soup":12,"minecraft:sugar":10,"minecraft:bread":3,"minecraft:pumpkin_pie":9,"minecraft:firework_rocket":24},"minecraft:used":{"minecraft:peony":12,"minecraft:nether_brick_fence":111,"minecraft:jack_o_lantern":118,"minecraft:writable_book":3,"minecraft:polished_granite_stairs":13,"minecraft:spruce_slab":2417,"minecraft:dead_horn_coral_block":59,"minecraft:red_sandstone_slab":16,"minecraft:dispenser":104,"minecraft:polished_blackstone":18,"minecraft:poppy":21,"minecraft:ladder":15,"minecraft:chest":196,"minecraft:stone":2408,"minecraft:warped_sign":3,"minecraft:red_nether_brick_stairs":101,"minecraft:quartz_stairs":355,"minecraft:farmland":69,"minecraft:chiseled_red_sandstone":42,"minecraft:soul_sand":118,"minecraft:cocoa_beans":108,"minecraft:brick_slab":4,"minecraft:jungle_slab":47,"minecraft:allium":12,"minecraft:orange_wool":739,"minecraft:acacia_sapling":21,"minecraft:acacia_button":11,"minecraft:azure_bluet":12,"minecraft:weeping_vines":2,"minecraft:stripped_spruce_log":311,"minecraft:polished_blackstone_slab":6,"minecraft:packed_ice":1302,"minecraft:honey_block":81,"minecraft:lava_bucket":22,"minecraft:stripped_dark_oak_wood":364,"minecraft:quartz_pillar":174,"minecraft:villager_spawn_egg":13,"minecraft:music_disc_pigstep":2,"minecraft:jungle_fence_gate":2,"minecraft:warped_hyphae":12,"minecraft:red_wool":44,"minecraft:grass_block":849,"minecraft:polished_andesite_stairs":522,"minecraft:quartz_block":213,"minecraft:dark_oak_leaves":76,"minecraft:dark_oak_slab":784,"minecraft:dark_oak_button":45,"minecraft:diorite_wall":4,"minecraft:stone_brick_stairs":1838,"minecraft:bow":50,"minecraft:sweet_berries":39,"minecraft:yellow_glazed_terracotta":46,"minecraft:oak_sapling":2,"minecraft:furnace":18,"minecraft:acacia_fence":11,"minecraft:potato":39,"minecraft:dragon_head":3,"minecraft:green_stained_glass_pane":18,"minecraft:dark_prismarine_stairs":4,"minecraft:magenta_shulker_box":2,"minecraft:mossy_stone_bricks":22,"minecraft:diorite":32,"minecraft:damaged_anvil":31,"minecraft:spruce_door":18,"minecraft:stripped_birch_log":31,"minecraft:red_stained_glass":58,"minecraft:acacia_trapdoor":434,"minecraft:powered_rail":3816,"minecraft:blackstone_stairs":2,"minecraft:blackstone":9,"minecraft:lime_concrete_powder":15,"minecraft:mossy_stone_brick_stairs":4,"minecraft:jungle_pressure_plate":35,"minecraft:black_glazed_terracotta":425,"minecraft:composter":35,"minecraft:smooth_quartz_stairs":20,"minecraft:oak_leaves":186,"minecraft:respawn_anchor":1,"minecraft:dark_oak_trapdoor":219,"minecraft:sand":66,"minecraft:cut_sandstone_slab":10,"minecraft:blast_furnace":55,"minecraft:smooth_red_sandstone":53,"minecraft:blue_ice":26,"minecraft:acacia_leaves":332,"minecraft:chiseled_quartz_block":290,"minecraft:gray_concrete":82,"minecraft:pumpkin_seeds":9,"minecraft:purple_concrete_powder":2,"minecraft:birch_fence":1,"minecraft:red_sandstone":19,"minecraft:chiseled_sandstone":151,"minecraft:crying_obsidian":3,"minecraft:gray_stained_glass_pane":7,"minecraft:birch_slab":1,"minecraft:cyan_carpet":1,"minecraft:stone_button":229,"minecraft:lectern":4,"minecraft:white_glazed_terracotta":17,"minecraft:red_terracotta":482,"minecraft:polished_granite":15,"minecraft:oak_pressure_plate":47,"minecraft:cut_red_sandstone":9,"minecraft:lilac":13,"minecraft:polished_andesite_slab":452,"minecraft:soul_lantern":16,"minecraft:nether_wart_block":13,"minecraft:smithing_table":64,"minecraft:dark_oak_fence":1017,"minecraft:white_stained_glass":7,"minecraft:green_concrete_powder":6,"minecraft:piglin_spawn_egg":2,"minecraft:purple_wool":93,"minecraft:diorite_slab":11,"minecraft:gray_stained_glass":92,"minecraft:diorite_stairs":7,"minecraft:oak_trapdoor":270,"minecraft:stripped_acacia_wood":33,"minecraft:iron_bars":186,"minecraft:enchanting_table":2,"minecraft:acacia_log":926,"minecraft:orange_concrete":63,"minecraft:armor_stand":10,"minecraft:light_gray_carpet":45,"minecraft:stripped_warped_stem":6,"minecraft:polished_blackstone_wall":45,"minecraft:sandstone_wall":38,"minecraft:structure_block":74,"minecraft:netherrack":156,"minecraft:orange_stained_glass":8,"minecraft:torch":57,"minecraft:brewing_stand":8,"minecraft:anvil":42,"minecraft:ancient_debris":27,"minecraft:target":10,"minecraft:nether_quartz_ore":13,"minecraft:twisting_vines":3,"minecraft:dead_tube_coral":1,"minecraft:stone_stairs":178,"minecraft:nether_brick_slab":51,"minecraft:light_gray_glazed_terracotta":44,"minecraft:yellow_carpet":2,"minecraft:jungle_trapdoor":90,"minecraft:dead_brain_coral_block":29,"minecraft:nether_brick_stairs":470,"minecraft:oak_fence_gate":17,"minecraft:polished_diorite":174,"minecraft:fern":31,"minecraft:shroomlight":16,"minecraft:mossy_cobblestone_stairs":48,"minecraft:sea_lantern":219,"minecraft:chipped_anvil":53,"minecraft:iron_block":471,"minecraft:light_weighted_pressure_plate":12,"minecraft:spruce_button":90,"minecraft:slime_block":513,"minecraft:brick_stairs":22,"minecraft:warped_fence":1,"minecraft:jungle_log":70,"minecraft:smooth_quartz":213,"minecraft:melon_seeds":18,"minecraft:barrel":117,"minecraft:prismarine_slab":14,"minecraft:bamboo":49,"minecraft:basalt":86,"minecraft:tripwire_hook":22,"minecraft:glowstone":1322,"minecraft:magenta_wool":25,"minecraft:tall_grass":29,"minecraft:gray_glazed_terracotta":163,"minecraft:iron_trapdoor":104,"minecraft:podzol":126,"minecraft:acacia_wood":1314,"minecraft:trapped_chest":18,"minecraft:crimson_pressure_plate":2,"minecraft:acacia_planks":344,"minecraft:observer":683,"minecraft:orange_terracotta":50,"minecraft:crimson_stem":10,"minecraft:wheat_seeds":45,"minecraft:water_bucket":975,"minecraft:nether_brick_wall":37,"minecraft:light_blue_glazed_terracotta":12,"minecraft:sandstone_stairs":196,"minecraft:prismarine_brick_slab":1,"minecraft:birch_planks":126,"minecraft:yellow_shulker_box":3,"minecraft:lime_wool":1840,"minecraft:cartography_table":8,"minecraft:smooth_sandstone_slab":101,"minecraft:red_mushroom_block":1,"minecraft:cauldron":32,"minecraft:fletching_table":3,"minecraft:spruce_fence_gate":244,"minecraft:gold_ore":1,"minecraft:cracked_stone_bricks":241,"minecraft:polished_blackstone_bricks":44,"minecraft:gilded_blackstone":1,"minecraft:diamond_block":20,"minecraft:mossy_cobblestone":162,"minecraft:lime_terracotta":1386,"minecraft:light_gray_banner":20,"minecraft:rail":927,"minecraft:comparator":1464,"minecraft:vine":33,"minecraft:oak_slab":45,"minecraft:tnt":8,"minecraft:crafting_table":19,"minecraft:crimson_trapdoor":9,"minecraft:birch_sign":175,"minecraft:campfire":117,"minecraft:white_bed":10,"minecraft:dark_oak_fence_gate":359,"minecraft:spruce_log":1071,"minecraft:oak_log":1791,"minecraft:dark_prismarine":10,"minecraft:warped_trapdoor":2,"minecraft:oxeye_daisy":10,"minecraft:acacia_sign":20,"minecraft:stripped_jungle_log":38,"minecraft:sunflower":5,"minecraft:oak_button":99,"minecraft:iron_pickaxe":2,"minecraft:spruce_pressure_plate":25,"minecraft:cyan_concrete":1,"minecraft:spruce_trapdoor":302,"minecraft:crimson_nylium":12,"minecraft:crimson_sign":2,"minecraft:chiseled_stone_bricks":771,"minecraft:green_carpet":14,"minecraft:cobblestone":1166,"minecraft:crimson_stairs":2,"minecraft:red_concrete_powder":38,"minecraft:andesite_stairs":84,"minecraft:sandstone_slab":26,"minecraft:glass_pane":193,"minecraft:repeating_command_block":2,"minecraft:end_portal_frame":2,"minecraft:stripped_oak_log":265,"minecraft:kelp":8,"minecraft:dandelion":14,"minecraft:brown_mushroom_block":105,"minecraft:jukebox":3,"minecraft:green_stained_glass":8,"minecraft:light_blue_stained_glass_pane":40,"minecraft:blue_terracotta":1206,"minecraft:red_sand":21,"minecraft:light_gray_stained_glass_pane":103,"minecraft:melon":1,"minecraft:diamond_hoe":16,"minecraft:bone_block":21,"minecraft:oak_sign":615,"minecraft:polished_basalt":79,"minecraft:white_terracotta":1369,"minecraft:nether_wart":51,"minecraft:stripped_jungle_wood":93,"minecraft:bell":5,"minecraft:grass":44,"minecraft:player_head":20,"minecraft:mossy_stone_brick_slab":6,"minecraft:smooth_sandstone_stairs":584,"minecraft:stripped_crimson_stem":13,"minecraft:green_terracotta":16,"minecraft:spruce_leaves":102,"minecraft:debug_stick":414,"minecraft:mooshroom_spawn_egg":1,"minecraft:birch_pressure_plate":31,"minecraft:orange_glazed_terracotta":79,"minecraft:jungle_planks":441,"minecraft:nether_bricks":403,"minecraft:prismarine_brick_stairs":22,"minecraft:carrot":34,"minecraft:pink_terracotta":213,"minecraft:furnace_minecart":2,"minecraft:beehive":43,"minecraft:cyan_wool":17,"minecraft:obsidian":247,"minecraft:glass":3559,"minecraft:crimson_button":6,"minecraft:cyan_terracotta":755,"minecraft:bricks":71,"minecraft:coal_ore":8,"minecraft:quartz_slab":23,"minecraft:spruce_wood":353,"minecraft:lantern":130,"minecraft:blue_orchid":4,"minecraft:green_wool":1626,"minecraft:polished_blackstone_brick_wall":28,"minecraft:warped_nylium":4,"minecraft:dark_oak_wood":152,"minecraft:mossy_cobblestone_slab":48,"minecraft:crimson_roots":2,"minecraft:hopper_minecart":115,"minecraft:stone_bricks":9067,"minecraft:item_frame":62,"minecraft:bedrock":15,"minecraft:birch_button":5,"minecraft:birch_trapdoor":13,"minecraft:red_carpet":42,"minecraft:repeater":2419,"minecraft:redstone_lamp":427,"minecraft:honeycomb_block":23,"minecraft:magma_block":203,"minecraft:brown_carpet":35,"minecraft:hay_block":58,"minecraft:written_book":36,"minecraft:scaffolding":24,"minecraft:jungle_button":39,"minecraft:beetroot_seeds":17,"minecraft:polished_diorite_stairs":36,"minecraft:gold_block":1176,"minecraft:skeleton_skull":4,"minecraft:polished_blackstone_stairs":53,"minecraft:large_fern":43,"minecraft:stripped_spruce_wood":145,"minecraft:dark_oak_sapling":1,"minecraft:chiseled_polished_blackstone":8,"minecraft:dark_oak_stairs":477,"minecraft:end_rod":25,"minecraft:stripped_acacia_log":2,"minecraft:dropper":845,"minecraft:wither_skeleton_skull":5,"minecraft:birch_leaves":95,"minecraft:gray_carpet":13,"minecraft:dark_oak_sign":94,"minecraft:jungle_fence":37,"minecraft:oak_planks":229,"minecraft:polished_diorite_slab":126,"minecraft:sandstone":855,"minecraft:redstone_block":975,"minecraft:structure_void":52,"minecraft:sugar_cane":45,"minecraft:white_wool":1676,"minecraft:golden_hoe":18,"minecraft:yellow_terracotta":152,"minecraft:light_blue_concrete":131,"minecraft:loom":11,"minecraft:light_blue_wool":326,"minecraft:yellow_concrete":2,"minecraft:crossbow":7,"minecraft:sponge":8,"minecraft:blackstone_wall":10,"minecraft:note_block":213,"minecraft:stone_brick_wall":285,"minecraft:redstone_torch":2236,"minecraft:sticky_piston":995,"minecraft:lever":132,"minecraft:daylight_detector":35,"minecraft:birch_fence_gate":3,"minecraft:acacia_door":16,"minecraft:dark_oak_log":389,"minecraft:light_gray_concrete":496,"minecraft:heavy_weighted_pressure_plate":10,"minecraft:brown_stained_glass":122,"minecraft:barrier":563,"minecraft:cyan_bed":4,"minecraft:brown_wool":439,"minecraft:string":22,"minecraft:iron_door":53,"minecraft:prismarine_wall":23,"minecraft:gravel":203,"minecraft:blackstone_slab":1,"minecraft:jungle_sign":119,"minecraft:stripped_oak_wood":558,"minecraft:grindstone":19,"minecraft:mossy_cobblestone_wall":11,"minecraft:andesite":394,"minecraft:chain":20,"minecraft:smooth_stone_slab":357,"minecraft:chest_minecart":8,"minecraft:white_concrete":665,"minecraft:coarse_dirt":386,"minecraft:warped_button":13,"minecraft:bone_meal":687,"minecraft:golden_pickaxe":1,"minecraft:cobweb":10,"minecraft:oak_fence":358,"minecraft:jungle_leaves":6,"minecraft:rose_bush":20,"minecraft:crimson_fence":10,"minecraft:flint_and_steel":19,"minecraft:redstone_ore":25,"minecraft:redstone":9534,"minecraft:light_blue_terracotta":131,"minecraft:spruce_planks":2867,"minecraft:stripped_birch_wood":76,"minecraft:wooden_shovel":57,"minecraft:stone_hoe":6,"minecraft:oak_door":11,"minecraft:dirt":483,"minecraft:white_carpet":16,"minecraft:hopper":2262,"minecraft:spruce_stairs":2494,"minecraft:cobblestone_wall":638,"minecraft:oak_wood":538,"minecraft:bee_nest":301,"minecraft:spruce_fence":719,"minecraft:andesite_wall":62,"minecraft:birch_door":7,"minecraft:iron_hoe":3,"minecraft:stone_brick_slab":605,"minecraft:dark_oak_planks":1019,"minecraft:bookshelf":165,"minecraft:light_gray_stained_glass":249,"minecraft:red_tulip":1,"minecraft:yellow_stained_glass":32,"minecraft:oak_stairs":83,"minecraft:smooth_sandstone":24,"minecraft:acacia_slab":105,"minecraft:crimson_slab":26,"minecraft:polished_blackstone_brick_stairs":24,"minecraft:crimson_planks":36,"minecraft:light_gray_wool":1275,"minecraft:emerald_block":562,"minecraft:soul_soil":46,"minecraft:dark_oak_pressure_plate":19,"minecraft:lime_stained_glass":2,"minecraft:white_stained_glass_pane":53,"minecraft:minecart":229,"minecraft:cyan_banner":1,"minecraft:granite_wall":3,"minecraft:horn_coral_block":1,"minecraft:stone_pressure_plate":83,"minecraft:dead_bubble_coral_block":65,"minecraft:turtle_egg":7,"minecraft:mossy_stone_brick_wall":6,"minecraft:pumpkin":3,"minecraft:light_gray_bed":3,"minecraft:iron_ore":6,"minecraft:cobblestone_stairs":498,"minecraft:lodestone":12,"minecraft:snow_block":8,"minecraft:polished_andesite":2957,"minecraft:red_nether_bricks":80,"minecraft:blue_wool":1100,"minecraft:andesite_slab":128,"minecraft:cut_sandstone":51,"minecraft:brown_mushroom":20,"minecraft:spruce_sign":184,"minecraft:red_glazed_terracotta":5,"minecraft:beacon":75,"minecraft:stonecutter":1,"minecraft:chiseled_nether_bricks":4,"minecraft:cobblestone_slab":408,"minecraft:polished_blackstone_pressure_plate":2,"minecraft:stripped_dark_oak_log":298,"minecraft:dark_prismarine_slab":85,"minecraft:dead_fire_coral_block":216,"minecraft:red_mushroom":12,"minecraft:brown_banner":6,"minecraft:light_gray_concrete_powder":4,"minecraft:painting":30,"minecraft:brown_glazed_terracotta":2,"minecraft:smoker":28,"minecraft:dark_oak_door":15,"minecraft:cyan_stained_glass":37,"minecraft:purple_stained_glass":2,"minecraft:gray_terracotta":100,"minecraft:activator_rail":8,"minecraft:piston":578,"minecraft:netherite_block":45,"minecraft:flower_pot":72,"minecraft:apple":1,"minecraft:acacia_stairs":48,"minecraft:black_wool":1,"minecraft:command_block":181,"minecraft:cracked_polished_blackstone_bricks":24,"minecraft:detector_rail":195,"minecraft:jungle_stairs":537,"minecraft:stone_slab":205,"minecraft:yellow_wool":614,"minecraft:acacia_fence_gate":9,"minecraft:brown_stained_glass_pane":26,"minecraft:stripped_crimson_hyphae":5,"minecraft:white_banner":19,"minecraft:jungle_door":18,"minecraft:lapis_block":1,"minecraft:red_banner":10,"minecraft:chain_command_block":6,"minecraft:grass_path":60,"minecraft:magenta_glazed_terracotta":5,"minecraft:polished_blackstone_button":20,"minecraft:sea_pickle":37,"minecraft:purple_carpet":48,"minecraft:gray_wool":26,"minecraft:birch_stairs":9,"minecraft:smooth_stone":664,"minecraft:splash_potion":150,"minecraft:soul_torch":9},"minecraft:picked_up":{"minecraft:iron_chestplate":1,"minecraft:creeper_head":62,"minecraft:birch_button":1,"minecraft:dark_oak_pressure_plate":2,"minecraft:string":8,"minecraft:beetroot_soup":33,"minecraft:beetroot":165,"minecraft:zoglin_spawn_egg":557,"minecraft:gold_nugget":575,"minecraft:spruce_planks":24,"minecraft:horn_coral_block":37,"minecraft:acacia_sign":3,"minecraft:written_book":2,"minecraft:hopper_minecart":1,"minecraft:melon_slice":1935,"minecraft:spruce_pressure_plate":1,"minecraft:acacia_log":1,"minecraft:stone_sword":5,"minecraft:command_block":1,"minecraft:honey_bottle":23,"minecraft:light_blue_wool":64,"minecraft:glowstone":52,"minecraft:magma_block":1,"minecraft:iron_door":7,"minecraft:water_bucket":6,"minecraft:lantern":12,"minecraft:purple_carpet":4,"minecraft:dark_oak_sign":3,"minecraft:debug_stick":1,"minecraft:dropper":260,"minecraft:structure_void":78,"minecraft:acacia_stairs":11,"minecraft:trapped_chest":64,"minecraft:polished_andesite":2,"minecraft:blue_terracotta":2,"minecraft:lever":10,"minecraft:spruce_button":2,"minecraft:bread":3,"minecraft:light_gray_carpet":4,"minecraft:dark_oak_fence":2,"minecraft:sandstone_slab":64,"minecraft:nether_wart":501,"minecraft:acacia_button":6,"minecraft:flint_and_steel":3,"minecraft:white_carpet":3,"minecraft:polished_blackstone_wall":1,"minecraft:glass_pane":6,"minecraft:cracked_stone_bricks":2,"minecraft:beef":1,"minecraft:poppy":2,"minecraft:minecart":5,"minecraft:quartz_stairs":27,"minecraft:chest":3,"minecraft:piston":1,"minecraft:egg":41,"minecraft:sandstone":1,"minecraft:carrot":170,"minecraft:redstone":933,"minecraft:jungle_sign":9,"minecraft:cooked_cod":4,"minecraft:shears":9,"minecraft:gold_ingot":3,"minecraft:rail":35,"minecraft:white_wool":52,"minecraft:oxeye_daisy":1,"minecraft:yellow_shulker_box":15,"minecraft:red_mushroom":2,"minecraft:oak_log":4,"minecraft:jungle_button":6,"minecraft:paper":648,"minecraft:birch_pressure_plate":34,"minecraft:kelp":128,"minecraft:stone_bricks":2,"minecraft:iron_ore":3,"minecraft:iron_sword":28,"minecraft:dark_oak_stairs":21,"minecraft:polished_andesite_stairs":74,"minecraft:sweet_berries":27,"minecraft:gravel":35,"minecraft:spruce_log":64,"minecraft:firework_rocket":2099,"minecraft:red_stained_glass":1,"minecraft:polished_diorite":1,"minecraft:redstone_ore":2,"minecraft:painting":2,"minecraft:birch_sign":20,"minecraft:gray_wool":1,"minecraft:oak_button":50,"minecraft:melon_seeds":4,"minecraft:hopper":76,"minecraft:wheat":91,"minecraft:redstone_block":184,"minecraft:potion":14,"minecraft:stone_brick_stairs":5,"minecraft:smooth_stone_slab":2,"minecraft:iron_leggings":11,"minecraft:sticky_piston":77,"minecraft:experience_bottle":95,"minecraft:oak_sign":10,"minecraft:comparator":59,"minecraft:light_weighted_pressure_plate":2,"minecraft:rose_bush":1,"minecraft:redstone_torch":178,"minecraft:iron_pickaxe":103,"minecraft:iron_boots":8,"minecraft:stick":328,"minecraft:jungle_door":1,"minecraft:spruce_stairs":4,"minecraft:music_disc_pigstep":2,"minecraft:light_gray_banner":1,"minecraft:rotten_flesh":29,"minecraft:green_wool":8,"minecraft:cobblestone":30,"minecraft:jungle_pressure_plate":3,"minecraft:repeater":134,"minecraft:magma_cream":64,"minecraft:andesite":2,"minecraft:potato":188,"minecraft:smooth_sandstone_stairs":1,"minecraft:lapis_lazuli":193,"minecraft:name_tag":96,"minecraft:glass":7,"minecraft:acacia_planks":104,"minecraft:wheat_seeds":235,"minecraft:bamboo":1118,"minecraft:powered_rail":134,"minecraft:ghast_tear":1,"minecraft:poisonous_potato":1,"minecraft:oak_pressure_plate":1,"minecraft:jungle_planks":1,"minecraft:grass_block":1,"minecraft:jungle_slab":64,"minecraft:light_gray_concrete":1,"minecraft:diamond":69,"minecraft:slime_block":1,"minecraft:soul_lantern":1,"minecraft:polished_blackstone_button":1,"minecraft:crossbow":1,"minecraft:bone_meal":1,"minecraft:golden_apple":19,"minecraft:spruce_sign":1,"minecraft:emerald":2181,"minecraft:oak_sapling":2,"minecraft:cocoa_beans":227,"minecraft:firework_star":3,"minecraft:splash_potion":65,"minecraft:chest_minecart":1,"minecraft:packed_ice":9,"minecraft:brown_mushroom":4,"minecraft:shield":6,"minecraft:item_frame":2,"minecraft:detector_rail":42,"minecraft:oak_boat":1,"minecraft:player_head":2,"minecraft:observer":75,"minecraft:sugar_cane":14,"minecraft:spruce_trapdoor":2,"minecraft:lime_wool":7,"minecraft:bowl":16,"minecraft:note_block":1,"minecraft:stone_button":21,"minecraft:cookie":44,"minecraft:zombified_piglin_spawn_egg":305,"minecraft:light_gray_stained_glass_pane":1,"minecraft:stone_pressure_plate":29,"minecraft:arrow":426,"minecraft:pumpkin_pie":6,"minecraft:dark_oak_button":1,"minecraft:leather":1,"minecraft:birch_planks":2,"minecraft:mushroom_stew":3,"minecraft:gunpowder":63,"minecraft:red_carpet":1,"minecraft:gray_carpet":6,"minecraft:acacia_trapdoor":4,"minecraft:spruce_wood":112,"minecraft:iron_ingot":9,"minecraft:cooked_chicken":3,"minecraft:stripped_oak_wood":1,"minecraft:soul_sand":1,"minecraft:acacia_sapling":5,"minecraft:scaffolding":3,"minecraft:emerald_block":14,"minecraft:pumpkin":9,"minecraft:stone_brick_slab":1,"minecraft:lava_bucket":1,"minecraft:red_banner":1,"minecraft:soul_torch":2,"minecraft:nether_brick_slab":1,"minecraft:gold_ore":1,"minecraft:green_carpet":1,"minecraft:stripped_jungle_log":1,"minecraft:iron_helmet":1,"minecraft:coal":1},"minecraft:dropped":{"minecraft:iron_sword":4,"minecraft:oak_pressure_plate":2,"minecraft:glass_bottle":10,"minecraft:diamond":75,"minecraft:cookie":64,"minecraft:rail":2,"minecraft:light_weighted_pressure_plate":2,"minecraft:emerald":214,"minecraft:dirt":1,"minecraft:stone_button":3,"minecraft:gold_nugget":3,"minecraft:sand":39,"minecraft:iron_pickaxe":57,"minecraft:green_wool":10,"minecraft:sugar_cane":2,"minecraft:lever":6,"minecraft:detector_rail":1,"minecraft:wheat":384,"minecraft:oak_planks":64,"minecraft:light_gray_carpet":1,"minecraft:blaze_powder":64,"minecraft:dead_fire_coral_block":1,"minecraft:black_glazed_terracotta":1,"minecraft:firework_star":3,"minecraft:jungle_stairs":2,"minecraft:hopper":31,"minecraft:glass":9,"minecraft:egg":32,"minecraft:iron_ingot":2,"minecraft:wheat_seeds":12,"minecraft:cobblestone":128,"minecraft:command_block":1,"minecraft:music_disc_pigstep":1,"minecraft:stripped_jungle_log":1,"minecraft:polished_blackstone_button":1,"minecraft:mushroom_stew":17,"minecraft:polished_andesite":1,"minecraft:oxeye_daisy":1,"minecraft:iron_trapdoor":1,"minecraft:paper":546,"minecraft:acacia_planks":1,"minecraft:gray_carpet":4,"minecraft:beetroot_soup":17,"minecraft:player_head":2,"minecraft:stone_sword":1,"minecraft:cobblestone_wall":2,"minecraft:cocoa_beans":64,"minecraft:smooth_stone_slab":1,"minecraft:sticky_piston":3,"minecraft:experience_bottle":1,"minecraft:name_tag":32,"minecraft:light_gray_concrete":1,"minecraft:oak_sign":1,"minecraft:potato":321,"minecraft:stone":1,"minecraft:spruce_boat":1,"minecraft:spruce_trapdoor":2,"minecraft:spruce_planks":4,"minecraft:redstone_torch":7,"minecraft:stone_pressure_plate":1,"minecraft:stone_bricks":2,"minecraft:bamboo":128,"minecraft:sandstone":1,"minecraft:birch_boat":2,"minecraft:quartz_slab":3,"minecraft:gold_ore":1,"minecraft:spruce_sign":1,"minecraft:dark_oak_stairs":1,"minecraft:brown_mushroom":32,"minecraft:birch_planks":5,"minecraft:oak_log":2,"minecraft:sandstone_slab":64,"minecraft:lantern":1,"minecraft:structure_void":63,"minecraft:redstone_lamp":1,"minecraft:packed_ice":7,"minecraft:jungle_sign":2,"minecraft:stripped_oak_wood":1,"minecraft:gold_ingot":117,"minecraft:smooth_sandstone_stairs":1,"minecraft:lime_wool":2,"minecraft:honey_bottle":16,"minecraft:carrot":320,"minecraft:dropper":129,"minecraft:glowstone":6,"minecraft:acacia_slab":1,"minecraft:chest":1,"minecraft:arrow":1472,"minecraft:powered_rail":5,"minecraft:splash_potion":4,"minecraft:firework_rocket":172,"minecraft:water_bucket":3,"minecraft:bread":1,"minecraft:minecart":9,"minecraft:observer":3,"minecraft:hopper_minecart":3,"minecraft:acacia_log":1,"minecraft:spruce_stairs":4,"minecraft:grass_block":1,"minecraft:smooth_red_sandstone":1,"minecraft:repeater":15,"minecraft:light_blue_wool":1,"minecraft:melon_slice":25,"minecraft:yellow_shulker_box":10,"minecraft:light_gray_stained_glass":1,"minecraft:redstone_block":3,"minecraft:redstone":43,"minecraft:polished_diorite":1,"minecraft:nether_brick_slab":1,"minecraft:kelp":128,"minecraft:oak_trapdoor":1,"minecraft:comparator":19,"minecraft:glass_pane":7,"minecraft:oak_button":1,"minecraft:oak_boat":1,"minecraft:birch_sign":4}},"DataVersion":2567}