{"stats":{"minecraft:dropped":{"minecraft:wheat_seeds":2,"minecraft:grass_block":2},"minecraft:used":{"minecraft:redstone_torch":3,"minecraft:oak_log":61,"minecraft:oak_trapdoor":61,"minecraft:oak_fence":13,"minecraft:stone_brick_slab":33,"minecraft:brown_terracotta":6,"minecraft:lever":6,"minecraft:flower_pot":2,"minecraft:bricks":7,"minecraft:cobblestone_stairs":28,"minecraft:bookshelf":15,"minecraft:spruce_door":20,"minecraft:light_gray_stained_glass_pane":4,"minecraft:birch_slab":2,"minecraft:ladder":3,"minecraft:grass_block":5,"minecraft:oak_stairs":44,"minecraft:spruce_slab":31,"minecraft:oak_button":7,"minecraft:brick_stairs":3,"minecraft:oak_planks":8,"minecraft:stone_button":4,"minecraft:spruce_planks":7,"minecraft:chest":14,"minecraft:stone_slab":12,"minecraft:stone":110,"minecraft:cobblestone_slab":2,"minecraft:spruce_fence_gate":11,"minecraft:stone_brick_stairs":120,"minecraft:stone_bricks":110,"minecraft:cracked_stone_bricks":15,"minecraft:oak_door":7,"minecraft:spruce_leaves":31,"minecraft:green_carpet":16,"minecraft:brown_stained_glass_pane":4,"minecraft:cobblestone":44,"minecraft:oak_slab":14,"minecraft:furnace":12,"minecraft:spruce_stairs":51,"minecraft:cobblestone_wall":43,"minecraft:andesite":21,"minecraft:spruce_fence":37,"minecraft:spruce_log":168},"minecraft:custom":{"minecraft:time_since_rest":157487,"minecraft:interact_with_furnace":2,"minecraft:sprint_one_cm":355,"minecraft:walk_one_cm":23079,"minecraft:drop":4,"minecraft:damage_dealt":9,"minecraft:fly_one_cm":326464,"minecraft:crouch_one_cm":508,"minecraft:play_time":157487,"minecraft:sneak_time":2482,"minecraft:pot_flower":2,"minecraft:jump":82,"minecraft:leave_game":1,"minecraft:walk_on_water_one_cm":228,"minecraft:time_since_death":157487,"minecraft:total_world_time":157487},"minecraft:picked_up":{"minecraft:stone_button":1,"minecraft:wheat_seeds":2,"minecraft:lever":2},"minecraft:mined":{"minecraft:tall_grass":3,"minecraft:oak_leaves":1}},"DataVersion":3465}